passenger_id,first_name,last_name
1,Adam,Smith
2,Xavier,Bennett
3,Olivia,Carter
4,Jia Jia,Lee
5,Brianna,Howard
6,Damien,Ong
7,Patrick,Perry
8,Ethan,Koh
9,Zoe,White
10,Caleb,Sanders
11,Lilian,Wong
12,Tyler,Flores
13,Grace,Teo
14,Vanessa,Lim
15,Henry,Patterson
16,Jasmine,Cooper
17,Oscar,Torres
18,Lily,Lim
19,Kimberly,Powell
20,Adrian,Gonzalez
21,Charlotte,Peterson
22,Vincent,Hall
23,Madison,Yong
24,Jason,Ang
25,Ting Yu,Lee
26,Fenella,Chua
27,Hannah,Bell
28,Derek,King
29,Audrey,Ross
30,Chen Xin,Er
31,Daniel,Fisher
32,Gabriel,Goh
33,Marcus,Alexander
34,Wesley,Tan
35,Kai Xuan,Ong
36,Gabriel,Teo
37,Julian,Hayes
38,Tristan,Cox
39,Trevor,White
40,Natalie,Wee
41,Julia,Thompson
42,Jesse,Gonzalez
43,Brandon,Wright
44,Emily,Goh
45,Ivy,Ng
46,Rachel,Hughes
47,Maxwell,Scott
48,Yun Ting,Lee
49,Diana ,Hall
50,Jocelyn,Gray
51,Laura,Peterson
52,Maria,Nelson
53,Eva,Powell
54,Ma,Xu
55,Devin,Reed
56,Jeremy,Morgan
57,Ridzuan,Bin Saiful
58,Alice,Tan
59,Andrew,Evans
60,Caroline,Brooks
61,Faith,Torres
62,Calvin,Watson
63,Lillian,Murphy
64,Stella,Ong
65,Chen,Li
66,Victor, Fisher
67,Peyton,Parker
68,Savannah,Moore
69,Gabriella,Phillips
70,Eliza,Bell
71,Hunter,White
72,Chelsea,Kwek
73,Zane,Campbell
74,Naomi,Lim
75,Jolin,Ong
76,Javier,Martinez
77,Violet,Hughes
78,Luna,Gray
79,Jade,Evans
80,Shan Shang,Lee
81,Levi,Morgan
82,Norah,Richardson
83,Sandeep,Subramaniam
84,Everett,Brooks
85,Ronan,Patterson
86,Cadey,Chong
87,Lakshmi,Krishnan
88,Lucas,Gonzalez
89,Jasper,Patterson
90,Alice,Tan
91,Sienna,Murphy
92,Cameron,Evans
93,Zander,Lum
94,Nolan,Teoh
95,Cora ,Ouyang
96,April,Fu
97,Autumn,Lim
98,Eden,Parker
99,Harrison,Zhang
100,Carson,Li
101,Mei Ling,Tan
102,Natalie,Lim
103,Annabelle,Ng
104,Ryker,Phill
105,Griffin,Bell
106,Zara,Morgan
107,Kai ,Richardson
108,Arabella,James
109,Ahmad,Hafiz
110,Victor,See
111,Yi Jun,Chen
112,Isabelle ,Cook
113,Zayden,Nelson
114,Francesca,Phillips
115,Arun,Raj
116,Estelle,Thompson
117,Colt,Jenkins
118,Sierra,Brooks
119,Emberlyn,Torres
120,Wei Jie,Tan
121,Syafiq,Bin Roslan
122,Ashton,Bailey
123,Cecilia,Ross
124,Sanjay,Pillai
125,Ming Xuan,Ng
126,Jun Hao,Lee
127,Daisy,Ngee
128,Brooke,Gonzalez
129,Enna,Chong
130,Wan Qing,Qwek
131,Kishore,Reddy
132,Jia Hui,Lim
133,Wei Ling,Chan
134,Alisha,Ang
135,Wesley,Parker
136,Emmett,Scott
137,Rylee,Fisher
138,Lila,Ross
139,Emmett,Scott
140,Zi Xuan,Wong
141,Rajesh,Lyer
142,Simon,Bailey
143,James,Chen
144,Yi Ting,Chua
145,Shi Hui,Goh
146,Kai Wen,Ong
147,Zhi Hao,Teo
148,Veronica,Evans
149,Ruby,White
150,Jing Yi,Tan
151,Lacey,Cook
152,Garrett,Hall
153,Autumn,Rivera
154,Ivy,Russell
155,Yu Xuan,Ng
156,Farhan,Bin Ismail
157,Lydia,Sanders  
158,Juliette,Gray
159,Han Wei,Wong
160,Lisa,La
161,Veronica,Wong
162,Zhi Yuan,Lee
163,Ramesh,Kumar
164,Tessa,Lee
165,Rong Sheng,Teo
166,Jack,Ma
167,Zijie,Ee
168,Theo,Miitchell
169,Adeline,Campbell
170,Kuan Yu,Xie
171,Donovan,Nelson
172,Sarbina,Loh
173,Lucas,Teo
174,Ronan,Bell
175,Rylee,Fisher
176,Emmett,Scott
177,Priya,Nair
178,Yun,Ma
179,Simon,Bailey
180,Lila,Ross
181,Holden,Hughes
182,Marissa,Russell
183,Shane,Bell
184,Xiao Long,Lee
185,Xue Ying,Low
186,Odessa ,Perry
187,Alden,Wright
188,Lucian,White
189,Lucas,Lee
190,Cassian,Murphy
191,Ming Xuan,Ng
192,Macus,Goh
193,Jun Hao,Xie
194,Yamini,Menon
195,Malini,Raghavan
196,Syed,Faizal
197,Fatimah,Binte Saiful
198,Tina,Onn
199,Mason,Riley
200,Marinah,Fu
201,Lucas,Foster
202,Syazwan,Bin Hakim
203,Sundar,Rajan
204,Indira,Subramaniam
205,Kevin,Brooks
206,Mark,Lee 
207,Azzahra,Binte Nordin
208,Jia Jun,Lin
209,Julian,Wright
210,Nadhirah,Binte Mansor
211,Qian Xi,Tan
212,Varun,Subramaniam
213,Rahmat,Bin Abdullah
214,Emily,Wong
215,Ajay,Venkatesh
216,Hannah,Tan
217,Mohan,Raj
218,YiHong,Ong
219,Supriya,Nandakumar
220,Stephanie,Wong
221,Ridzwan,Bin Saad
222,Ravi,Shankar
223,Elizabeth,Lim
224,Shruti ,Lyer
225,Zainal,Bin Ahmad
226,Bala,Krishnan
227,Maisarah,Binte Jamal
228,Venkatesh ,Reddy
229,Matthew,Lim
230,Aarthi,Chandrasekaran
231,Ethan,Ng
232,Deepika,Ramachandran
233,Zi Yu,Zhou
234,Salmah,Binte Harun
235,Ziting,Lim
236,Swathi,Narayanan
237,Jack,Morrison
238,Kimberly,Chua
239,Isaac,Thompson
240,David,Goh
241,Harini,Krishnan
242,Henry ,Bennett
243,Shu Xin,Yu
244,Gabriel,Collins
245,Finn,Reynolds
246,Jian Hao,Lim
247,Kavitha,Shanmugam
248,Adam,Ng
249,Kelvin,Ong
250,Ethan,Sullivan
251,Daniel,Harrison
252,Caleb,Anderson
253,Rajesh,Narayan
254,Ming An,Li
255,Siti,Nur Ain
256,Benjamin,Hayes
257,Timothy,Lee
258,Alexander,Carter
259,Jacky,Chan
260,Divya,Srinivasan
